id,source,url,publication_date,data_date,claim_supported,reliability,primary_secondary,potential_bias,access_method,notes
S001,FBI IC3 2025 report (via McDonald Hopkins summary),https://www.mcdonaldhopkins.com/insights/news/the-sobering-truth-of-the-fbis-2025-internet-crime-complaint-center-report,2026-04,2025,"BEC reported losses $3.046B; 24,768 BEC complaints; total cyber-enabled losses $20.877B (+26%)",High (underlying),Secondary summary of primary,Law-firm marketing; figures trace to IC3,web search summary,IC3 counts only reported incidents (floor)
S002,Red Sift summary of IC3 2025,https://redsift.com/de/blog/fbi-ic3-2025-report-email-fraud,2026-04,2025,">$30M BEC losses with confirmed AI nexus",Medium,Secondary,Email-security vendor,web search summary,
S003,Nacha news: IC3 BEC ~$8.5B over 3 years,https://www.nacha.org/news/fbis-ic3-finds-almost-85-billion-lost-business-email-compromise-last-three-years,2025-04-24,2022-2024,"BEC ~ $8.5B lost 2022-2024",High,Secondary (trade body citing IC3),Nacha has interest in fraud narrative,web search summary,
S004,Nacha Rules: Fraud Monitoring Phase 2,https://www.nacha.org/rules/risk-management-topics-fraud-monitoring-phase-2,2024,2026-06-19,"All non-consumer Originators, TPSPs, TPSs regardless of volume must implement risk-based processes to identify ACH entries initiated due to fraud incl. False Pretenses; effective Jun 19 2026 (practical Jun 22)",High,Primary,Rule-maker,web search summary (direct fetch egress-blocked),
S005,Nacha Rules: Fraud Monitoring Phase 1,https://www.nacha.org/rules/risk-management-topics-fraud-monitoring-phase-1,2024,2026-03-20,"Phase 1 Mar 20 2026: ODFIs and originators >6M entries in 2023",High,Primary,Rule-maker,web search summary,
S006,AFP 2025 Payments Fraud and Control Survey press release,https://www.financialprofessionals.org/about/learn-more/press-releases/Details/survey-79-percent-of-organizations-were-victims-of-attempted-or-actual-payments-fraud-activity-in-2024,2025-04,2024,"79% orgs attempted/actual payments fraud; BEC #1 avenue 63%; check fraud 63%; n=521",High,Primary survey,Sponsored by Truist; practitioner self-report,web search summary,Sample skews larger orgs
S007,AFP 2025 key highlights (Truist PDF),https://truist.com/content/dam/truist-bank/us/en/documents/info/cci/2025-afp-payments-fraud-control-survey-report-key-highlights.pdf,2025-04,2024,"Vendor impersonation cited by 60% of BEC-hit orgs (45% prior); only 22% recovered >=75% of lost funds (41% in 2023)",High,Primary survey summary,Bank sponsor,web search summary,
S008,Premier Inc. denial survey (Becker's),https://beckershospitalreview.com/finance/claims-denials-are-costing-hospitals-nearly-20b-per-year.html,2024-03,2022,"$19.7B/yr fighting denials; $10.6B on claims that should have been paid; 15% private claims initially denied; 54.3% overturned",Medium-High,Secondary of primary survey,Premier sells RCM services,web search summary,516 hospitals
S009,Health Affairs Forefront: NSA IDR early look 2025,https://www.healthaffairs.org/content/forefront/no-surprises-act-idr-process-early-look-2025-data,2026-03,2025,"Providers won 88% of IDR disputes in 2025; volume far above projections",High,Secondary analysis of CMS PUF,Academic,web search summary,
S010,MoneyGeek NSA IDR analysis,https://www.moneygeek.com/insurance/health/no-surprises-act-idr-disputes/,2026,2025,"~2.6M disputes in 2025 vs ~17k/yr projected; 4.8M cumulative",Medium,Secondary,Consumer media,web search summary,
S011,Claimlane deduction blog,https://www.claimlane.com/resources/blog/deduction-management-retail,2025,n/a,"Deductions 1-7% of gross revenue; 10-25% invalid",Low,Secondary,Deduction software vendor,web search summary,Vendor estimates; treat as [S]/[E]
S012,Trustpair US office press release,https://trustpair.com/blog/trustpair-us-office-opening/,2023-06-13,2023,"Trustpair $20M raise (Oct 2022), NYC office, 400+ enterprise customers",Medium,Primary (company),Self-promotional,web search summary,
S013,Trustpair-Coupa partnership expansion,https://www.fintechfutures.com/press-releases/trustpair-and-coupa-expand-partnership-to-help-enterprises-prevent-ai-driven-vendor-payment-fraud,2026,2026,"Trustpair distributed via Coupa marketplace; enterprise focus",Medium,Primary press release,Self-promotional,web search summary,
S014,Eftsure acquires Relish (CPA Practice Advisor),https://www.cpapracticeadvisor.com/2026/09/03/eftsure-acquires-relish-for-enterprise-payments-from-onboarding-to-payment/189684/,2026-09-03,2026,"Eftsure+Sis ID+Relish >4,000 corporate customers, >600 staff; enterprise focus",Medium-High,Secondary news of press release,Company-sourced,web search summary,Competitive consolidation signal
S015,Eftsure pricing page,https://eftsure.com/pricing,2026,2026,"Pricing not public; scales with annual spend and monthly new vendors; $1M guarantee",High,Primary,Vendor,web search summary,
S016,Eftsure: top vendor verification software 2026,https://www.eftsure.com/blog/products/top-7-vendor-verification-software-in-2026/,2026,2026,"Competitor list incl. Trustpair, Stampli, AccountChek, Tipaldi",Low,Secondary,Competitor-authored,web search summary,
S017,BDO: CMMC Phase II suspension,https://www.bdo.com/insights/industry-specialty-consulting/cmmc-phase-2-rollout-suspension-what-defense-contractors-need-to-know,2026-07,2026,"DoD suspended CMMC Phase 2 (Nov 10 2026 milestone) on Jul 13 2026 pending 60-day review",High,Secondary (Big-4-tier advisory),Consultancy,web search summary,Falsifies CMMC timing
S018,Summit 7: CMMC Phase 2 suspended,https://summit7.us/blog/cmmc-phase-2-suspended-with-60-day-review-what-happens-next,2026-07,2026,"DoD est >118k need L2; <80 C3PAOs",Medium,Secondary,CMMC consultancy,web search summary,
S019,OpenText: France e-invoicing mandate,https://blogs.opentext.com/e-invoicing-mandates-and-updates-france-2/,2026,2026,"All French VAT businesses must receive e-invoices from Sep 1 2026; 101 approved PAs listed Jan 16 2026",Medium-High,Secondary,E-invoicing vendor,web search summary,Crowded supply side
S020,Sidley: EU AI Act omnibus delay,https://datamatters.sidley.com/2026/06/22/eu-lawmakers-reach-provisional-agreement-to-delay-key-eu-ai-act-obligations/,2026-06-22,2026,"Annex III high-risk deferred to Dec 2 2027; Annex I to Aug 2 2028; Art 50 & GPAI unchanged Aug 2 2026",High,Secondary legal analysis,Law firm,web search summary,
S021,Verisk CargoNet 2025 cargo theft,https://www.verisk.com/company/newsroom/cargo-theft-losses-surge-to-estimated-$725-million-in-2025-verisk-cargonet-analysis-reveals/,2026-01,2025,"Cargo theft ~ $725M (+60%); 2,646 incidents; avg $273,990",High,Primary,Data vendor,web search summary,
S022,Pulse2: Highway growth equity,https://pulse2.com/highway-growth-equity-investment-raised-for-carrier-identity-solutions-in-logistics,2025,2025,"Highway >1,050 brokers incl 70 of top 100; FTV Capital",Medium,Secondary,Press release,web search summary,Carrier vetting largely captured
S023,Construction Dive: Rabbet/Procore slow pay study,https://www.constructiondive.com/news/slow-payers-cost-gcs-subs-64b-a-year/564638/,2019-10,2019,"Slow payments cost contractors ~$64B/yr; +5.3% project cost",Medium,Secondary of vendor study,Vendors sell payment software,web search summary,Dated
S024,Reveel parcel invoice explainer,https://reveelgroup.com/resources/parcel-shipping-invoice-explained/,2026,2026,"UPS/FedEx 2026 GRI avg 5.9%; surcharges 30-40% of invoice; errors 1-10% of spend",Low-Medium,Secondary,Parcel audit vendor,web search summary,
S025,CB Insights: TrustLayer,https://www.cbinsights.com/company/trustlayer,2026,2022,"TrustLayer ~ $22M total raised",Medium,Secondary database,,web search summary,
S026,Nilson Report: merchant fees 2025,https://nilsonreport.com/articles/merchant-processing-fees-in-the-united-states-2025/,2026,2025,"US merchants paid $198.25B processing fees 2025; V/MC credit interchange 2.36%",High,Primary,,web search summary,
S027,Becker Law: SCOTUS IEEPA & CBP refunds,https://beckerlawyers.com/united-states-supreme-court-tariff-decision-and-the-cbp-refund-process/,2026,2026,"SCOTUS 6-3 Feb 20 2026 struck IEEPA tariffs; CAPE refunds; ~$166B, ~53M entries, >333k importers",Medium-High,Secondary legal,Law firm,web search summary,
S028,CBP IEEPA duty refunds page,https://www.cbp.gov/trade/programs-administration/trade-remedies/ieepa-duty-refunds,2026,2026,"CAPE process; not automatic",High,Primary,,web search summary,
S029,GHY: CAPE progress,https://www.ghy.com/trade-compliance/cbp-cape-ieepa-refund-progress/,2026-08,2026-08-21,"272,029 CAPE declarations by Aug 21 2026; $23.68B approved by Jun 10 2026",Medium-High,Secondary citing CBP,Customs broker,web search summary,
S030,IPS News: Tariff Recovery Group,https://ipsnews.net/business/2026/06/17/ieepa-tariff-refunds-tariff-recovery-group-scales-up-as-cape-phase-1-deadline-nears/,2026-06-17,2026,"~37% of first ~75k declarations failed validation",Low,Secondary press release,Self-promotional,web search summary,
S031,Red Stag: de minimis ended,https://redstagfulfillment.com/white-house-ends-de-minimis-exemption/,2025,2025,"Sec 321 suspended Aug 29 2025",Medium,Secondary,3PL,web search summary,
S032,Troutman: CIT upholds de minimis suspension,https://www.troutman.com/insights/the-800-free-pass-is-gone-cit-confirms-president-can-eliminate-de-minimis-tariff-exemption/,2026-08-18,2026,"EO 14388 kept suspension; CIT upheld Aug 13 2026; OBBBA statutory end Jul 1 2027",High,Secondary legal,Law firm,web search summary,
S033,Purolator: unclaimed drawback,https://www.purolatorinternational.com/u-s-businesses-fail-to-claim-more-than-2-4-billion-annually-in-drawback-reimbursements/,2010s,n/a,"~$2.4B/yr drawback unclaimed; 78% unclaimed",Low-Medium,Secondary,Logistics vendor; dated,web search summary,Conflicts with $8-15B claims
S034,Sacra: Pax duty drawback,https://sacra.com/chat/h/91b03cc9-4e6a-489a-97ed-c7ca7af74dd9/,2025,2025,"$8-10B unclaimed; traditional providers skip <$100k claims",Low-Medium,Secondary,Investor research,web search summary,
S035,Schneider Downs: Sec 174A small biz,https://schneiderdowns.com/our-thoughts-on/obbb-section-174-expensing-further-guidance-timeline-for-small-businesses/,2025,2026,"Retroactive amend deadline Jul 6 2026 (passed)",High,Secondary tax advisory,,web search summary,Window closed
S036,Frier Levitt: JPMorgan ERISA/PBM suit,https://www.frierlevitt.com/articles/plan-sponsor-alert-jpmorgan-chase-faces-erisa-class-action-lawsuit-over-cvs-caremarks-pbm-practices/,2025,2025,"ERISA fiduciary suits vs self-funded plan sponsors re PBMs",Medium,Secondary legal,Law firm,web search summary,
S037,CMS-0057-F fact sheet,https://www.cms.gov/files/document/fact-sheet-cms-interoperability-and-prior-authorization-final-rule-cms-0057-f.pdf,2024-01,2027-01-01,"Payers must implement FHIR Prior Auth, Provider Access, Payer-to-Payer, Patient Access APIs by Jan 1 2027",High,Primary,,web search summary,
S038,AMA prior auth survey,https://ama-assn.org/practice-management/sustainability/survey-quantifies-time-burdens-prior-authorization,2025-02,2024,"~39-40 PAs/physician/week; ~13 hours/week",High,Primary survey,Advocacy org,web search summary,
S039,IDC AI agent governance blog,https://www.idc.com/resource-center/blog/ai-agent-governance-enterprise-investment/,2026-07-29,2026,"16.7% of planned AI spend to AI/agent security & governance",Medium,Primary analyst,,web search summary,Gartner $201.9B agentic spend figure via secondary (low)
S040,Growth Unhinged 2025 SaaS benchmarks,https://kylepoyar.substack.com/p/2025-saas-benchmarks-report,2025,2025,"CAC payback medians by segment; NRR medians",Medium,Secondary aggregation,,web search summary,
S041,Orb: SaaS churn statistics,https://www.withorb.com/blog/saas-churn-statistics,2025,2025,"SMB churn 3-7%/mo; annual contracts reduce churn",Low-Medium,Secondary,Billing vendor,web search summary,
S042,Digital Dealer: Armatus retail warranty,https://digitaldealer.com/news/armatus-dealer-uplift-issues-playbook-on-retail-warranty-reimbursement-for-auto-dealers-in-south-dakota/167193/,2025,2025,"Armatus >7,500 dealerships; 25 state assoc endorsements",Medium,Secondary press,Company-sourced,web search summary,
S043,Georgia Tech via PVS: commercial appeals,https://propertyvaluationservices.net/category/commercial-property-tax,2025,2011-2022,"Fulton County: 31,587 commercial appeals, 62% success",Low-Medium,Secondary of academic,Appeal vendor,web search summary,
S044,Early Warning Verify Account,https://www.earlywarning.com/node/2126,2023,n/a,"Real-time account ownership/status validation for corporates",High,Primary,Vendor,web search summary,Pricing not public
S045,OneUptime: Datadog cost,https://oneuptime.com/blog/post/2026-02-09-we-calculated-what-companies-actually-pay-for-datadog/markdown,2026-02,2026,"Mid-size Datadog $50-150k/yr",Low,Secondary,Competitor,web search summary,
S046,Nacha 2025 ACH volume,https://www.nacha.org/news/same-day-ach-and-business-business-payments-propel-ach-network-volume-growth-2025,2026-01-29,2025,"35.2B ACH payments ($93T); B2B ACH 8.1B (+10%); Same Day 1.4B/$3.9T",High,Primary,,web search summary,
S047,PYMNTS/Medius mid-market P2P fraud,https://www.pymnts.com/study_posts/fraud-in-the-procure-to-pay-cycle-hits-middle-market-firms-hard-fraud-prevention-automation-can-give-an-edge/,2025-02,2024,"Mid-market avg ~ $300k/yr invoice fraud losses; US Bank avg $24k per wire fraud incident",Low-Medium,Secondary survey,Vendor-sponsored,web search summary,
S048,NatLawReview: social engineering & crime policy,https://natlawreview.com/article/social-engineering-fraud-and-your-crime-policy-why-your-insurer-may-deny-claim-and,2025,n/a,"Coverage conditioned on independent verification of payment instruction changes",High,Secondary legal,Law firm,web search summary,
S049,Lockton: social engineering insurance,https://global.lockton.com/news-insights/preventing-social-engineering-fraud-policies-procedures-and-insurance,2025,n/a,"Sublimits commonly $100-250k; documented out-of-band verification requirements",Medium-High,Secondary broker,Broker,web search summary,
S050,Jones Day: EU CRA reporting Sep 11 2026,https://www.jonesday.com/en/insights/2026/07/eu-cyber-resilience-act-24hour-reporting-duties-start-september-11-2026,2026-07,2026,"CRA 24h/72h/14d reporting to ENISA SRP from Sep 11 2026",High,Secondary legal,Law firm,web search summary,
S051,NBC News: fake job seekers,https://www.nbcnews.com/tech/security/fake-job-seekers-are-flooding-us-companies-are-hiring-remote-positions-rcna200199,2025,2025,"Gartner: 1 in 4 candidate profiles fake by 2028",Medium,Secondary,,web search summary,
S052,Restaurant Business: delivery chargebacks,https://restaurantbusinessonline.com/technology/restaurants-say-theyre-bearing-brunt-delivery-chargebacks,2024,2024,"2.5-3% revenue in delivery disputes (Voosh CEO)",Low,Secondary quoting vendor,Vendor,web search summary,
S053,CFO Dive: accounting talent,https://www.cfodive.com/news/accounting-talent-shortage-shows-signs-easing-layoffs-ai/758799/,2025,2025,"CPA pipeline decline; ~300k left 2019-21",Medium,Secondary,,web search summary,
S054,Navlungo: tariffs 2026,https://navlungo.com/en/blog/us-customs-duties-update-2026-current-tariff-schedules-and-regulations,2026,2026,"232 & 301 remain; Sec 122 15% to Jul 24 2026",Low-Medium,Secondary,Logistics vendor,web search summary,
S055,WTOP: Medicaid work requirement state costs,https://wtop.com/national/2026/03/trumps-medicaid-work-mandates-are-meant-to-save-money-but-first-states-will-have-to-spend-millions/,2026-03,2026,"State implementation costs $26M-$500M; $200M federal",Medium-High,Secondary (AP),,web search summary,
S056,Malwarebytes: California DROP,https://www.malwarebytes.com/blog/news/2026/08/californians-can-tell-data-brokers-to-drop-their-information,2026-08,2026,"DROP enforceable Aug 1 2026; ~30% brokers processing wk1; ~450k requests; $200/day/violation",Medium,Secondary,,web search summary,
S057,Census SUSB 2021 annual tables,https://census.gov/data/tables/2021/econ/susb/2021-susb-annual.html,2024,2021,"519,015 firms 20-99 employees; 88,023 firms 100-499",High,Primary,,web search summary (census.gov egress-blocked),
S058,ECB Instant Payments Regulation / VoP,https://www.ecb.europa.eu/paym/retail/instant_payments/html/instant_payments_regulation.ht.html,2025,2025-10-09,"EU Verification of Payee mandatory Oct 9 2025, free to payer",High,Primary,,web search summary,US has no mandatory CoP
S059,Kyriba Nacha 2026 FAQ,https://www.kyriba.com/resource/nacha-2026-fraud-monitoring-faqs/,2026,2026,"Rule does not prescribe method nor require pre-origination monitoring; documented, risk-based, annual review",Medium,Secondary,Treasury vendor,web search summary,
S060,Stampli: Nacha rules for AP,https://stampli.com/blog/payments/nacha-operating-rules,2026,2026,"AP team preparation; high-risk events",Low-Medium,Secondary,AP vendor,web search summary,
S061,Trustmi Series A (Accounting Times AU),https://www.accountingtimes.com.au/technology/cyber-start-up-trustmi-launches-bank-account-validation-tool-2,2024,2024,"Trustmi $4M seed + $17M Series A; bank account validation",Medium,Secondary,,web search summary,
S062,BILL developer changelog,https://developer.bill.com/changelog/2026-05-21-vendor-bank-accounts-api-improvements,2026-05-21,2026,"BILL exposes vendor bank account verification status",High,Primary,,web search summary,AP-suite bundling threat
S063,J.P. Morgan Validation Services docs,https://developer.payments.jpmorgan.com/docs/fraud-solutions/validation-services,2026,2026,"Account Validation Services via API/batch (2,000 records)/UI; confidence score",High,Primary,,web search summary,Bank-bundling threat
S064,Ramp AP fraud prevention,https://ramp.com/ap-fraud-prevention,2026,2026,"Bill-pay fraud dashboard",Medium,Primary,,web search summary,
S065,ERP Research: Trustpair pricing,https://erpresearch.com/erp-add-ons/fraud-risk/trustpair/pricing,2025,2025,"Quote-based; tiers; up to $1M liability",Medium,Secondary,,web search summary,
S066,Glimpse $10M Series A (Food Industry Executive),https://foodindustryexecutive.com/2025/04/glimpse-secures-10m-to-automate-deduction-management-for-cpg-brands/,2025-04,2025,"Glimpse Series A; deductions AI",Medium,Secondary,,web search summary,
S067,TAM Radar: Glimpse $35M,https://www.tamradar.com/funding-rounds/glimpse-series-a-35m,2026,2026,"Glimpse $35M (a16z); total ~$52.8M",Medium,Secondary,,web search summary,
S068,Sidley: IDR Operations final rule,https://www.sidley.com/en/insights/newsupdates/2026/06/us-government-finalizes-no-surprises-act-independent-dispute-resolution-operations-rule,2026-06,2026,"Admin fee $115->$15/party from Jun 11 2026; batching to 50 items",High,Secondary legal,Law firm,web search summary,
S069,Healthcare Dive: IDR 2025 data,https://www.healthcaredive.com/news/no-surprises-disputes-idr-2025-cms/810525/,2026,2025,"~17-20% ineligible; 42% challenged; backlog reduction",High,Secondary of CMS,,web search summary,
S070,BenefitsPRO: BCBS TX v HaloMD dismissed,https://www.benefitspro.com/amp/2026/05/29/bcbs-texas-lawsuit-against-halomd-dismissed/,2026-05-29,2026,"Payer RICO suits vs IDR vendor; TX suit dismissed",Medium-High,Secondary,,web search summary,
S071,Insurance Business: NSA IDR costs,https://www.insurancebusinessmag.com/us/news/benefits/no-surprises-act-idr-costs-top-22-billion-brokers-take-note-587584.aspx,2026,2025,"Radiology Partners ~30%, HaloMD ~27%, TeamHealth ~2x% of resolved disputes (highly concentrated)",Medium,Secondary,,web search summary,
S072,VentureBeat: Persona hiring fraud,https://venturebeat.com/ai/75-million-deepfakes-blocked-persona-leads-the-corporate-fight-against-hiring-fraud,2025,2025,"Persona workforce IDV; $417.5M raised",Medium,Secondary,,web search summary,
S073,AJOT: eezyimport BINA HTS AI,https://www.ajot.com/news/eezyimport-announces-bina-an-ai-powered-free-text-to-hts-code-tool,2026,2026,"Free AI HTS classification tools exist",Medium,Secondary,,web search summary,
S074,ENISA CRA SRP factsheet,https://www.enisa.europa.eu/sites/default/files/2026-07/ENISA_CRA_SRP_Factsheet_v1.0_0.pdf,2026-07,2026,"Single Reporting Platform for CRA reporting",High,Primary,,web search summary,
S075,Axios: Pax seed,https://www.axios.com/pro/fintech-deals/2025/04/07/pax-ai-turbotax-import-tax-tariff-war,2025-04-07,2025,"Pax $4.5M seed (Initialized); AI drawback broker",Medium-High,Secondary,,web search summary,
S076,Amegy/Zions ACH originator risk guide,https://www.amegybank.com/content/dam/zbna/atlas/pdfs/user-guides/business/treasury-management/ACH%20Origination%20Risk%20Based%20Processes%20and%20Procedures%20Resource%20Guide.pdf,2026,2026,"Bank guidance to business originators: callback at known number, prenote, account validation, dual approval, OOB auth, MFA; lifecycle onboarding/approval/post-release/change mgmt",High,Primary (bank),Bank,web search summary (direct fetch blocked),Defines product control set
S077,Fidelity Bank Nacha Phase 2 education,https://www.fidelitybank.com/resources/ach-education/nacha-fraud-monitoring-phase2/,2026,2026,"Originator guidance; high-risk events",Medium-High,Primary (bank),,web search summary,
S078,Nacha reversals & enforcement,https://www.nacha.org/index%2ephp/rules/reversals-and-enforcement,n/a,n/a,"Fines to FIs passed to originators contractually; Class 3 up to $500k & suspension directive",High,Primary,,web search summary,
S079,Sardine: Nacha rule for community banks,https://www.sardine.ai/blog/nacha-ach-fraud-monitoring-rule-community-banks,2026,2026,"'Not a five-alarm fire'; defensible without overspending",Medium,Secondary,Fraud vendor,web search summary,Urgency falsifier
S080,CeFPro: firms not ready for Nacha 2026,https://connect.cefpro.com/article/view/why-most-firms-arent-ready-for-nachas-2026-fraud-crackdown,2026,2026,"~80% of FIs surveyed not started/assessing",Low-Medium,Secondary,,web search summary,Survey method unknown
S081,b2trust: BEC underreporting,https://b2trust.com/en/blog/economics-of-bec-underreporting,2026,2024,"True BEC losses 6-15x IC3 (speculative); FBI 2016 est 15% report",Low,Secondary,Vendor,web search summary,[S]
S082,Apex Analytix: Ardent Partners AP metrics 2025,https://www.apexanalytix.com/resources/blog/ardent-partners-key-ap-metrics-2025/,2025,2025,"20% AP fully automated; 73% some automation",Medium,Secondary of analyst,,web search summary,
S083,Sage Intacct NACHA file docs,https://www.intacct.com/ia/docs/en_US/help_action/Cash_Management/Banking_and_Payment_Cloud/Bank_files/Setup/transfer-to-nacha-ach-file.htm,2026,2026,"ERP produces NACHA files for bank transfer",High,Primary,,web search summary,
S084,Cazoomi: NetSuite stats,https://www.cazoomi.com/blog/top-15-netsuite-statistics-you-should-know-in-2025-and-beyond/,2025,2026,"NetSuite 43k+ customers",Medium,Secondary,,web search summary,
S085,yzhums: Business Central customer milestone,https://yzhums.com/63206/,2025,2025,"Business Central >50k customers",Medium,Secondary,,web search summary,
S086,Vendr: Plaid pricing,https://www.vendr.com/marketplace/plaid,2025,2025,"Plaid products ~$0.10-0.60/call; minimums",Medium,Secondary,,web search summary,
S087,LBNL queued up 2025,https://emp.lbl.gov/news/backlog-power-plants-seeking-transmission-grid-connection-eased-somewhat-2025-amidst,2026,2025,"2,061 GW active queue; 8,200 projects",High,Primary,,web search summary,
S088,Veracode GenAI code security 2025,https://www.veracode.com/press-release/ai-generated-code-poses-major-security-risks-in-nearly-half-of-all-development-tasks-veracode-research-reveals/,2025-07,2025,"45% AI code samples fail OWASP tests",Medium-High,Primary,Vendor,web search summary,
S089,Ethos Risk: subrogation leakage,https://ethosrisk.com/blog/claims-investigations-and-subrogation-recoveries/,2025,n/a,"~$15B/yr subrogation leakage (NAIC-cited)",Low-Medium,Secondary,Vendor,web search summary,
S090,Missouri DSS EVV hard launch,https://dss.mo.gov/mhd/hot-tips/electronic-visit-verification-claims-validation-hard-launch-begins-april-1-2026,2026,2026,"EVV claim validation hard launch Apr 1 2026",High,Primary,,web search summary,
S091,RaftLabs dental verification,https://www.raftlabs.com/blog/insurance-verification-automation-dental,2025,2025,"Dental denials 5-10%; manual verification $10-11",Low,Secondary,Dev shop,web search summary,
S092,Loop Series A (Ascendants),https://ascendants.in/business-stories/loop-ai-raises-14m-series-a-restaurant-back-office-ai/attachment/loop-ai/,2026-02,2026,"Loop $14M Series A Feb 2026",Medium,Secondary,,web search summary,
S093,Glimpse/Carbon6 deductions market,https://www.carbon6.io/?p=10878,2025,2025,"Carbon6 >9,000 brands",Low-Medium,Primary vendor,,web search summary,
